,0,1,2,3,4,5,6,7,8,9,10,11,12,13,14,15,16,17,18,19,20,21,22,23,24,25,26,27,28,29,30,31,32,33,34,35,36,37,38,39,40,41,42,43,44,45,46,47,48,49,50,51,52,53,54,55,56,57,58,59,60,61,62,63,64,65,66,67,68,69,70,71,72,73,74,75,76,77,78,79,80,81,82,83,84,85,86,87,88,89
1,[67.       10.035365  8.58269 ],[164.        18.815426  11.516921],[80.       11.079585  9.216848],,,,,,,,,,,,,,,,,,,,,,,,,,,,,,,,,,,,,,,,,,,,,,,,,,,,,,,,,,,,,,,,,,,,,,,,,,,,,,,,,,,,,,,
2,[94.       12.490845  9.702808],,[123.        14.37079   11.011904],,[188.        18.63071   13.370077],,,,,,,,,,,,,,,,,,,,,,,,,,,,,,,,,,,,,,,,,,,,,,,,,,,,,,,,,,,,,,,,,,,,,,,,,,,,,,,,,,,,,
3,,,,[66.       10.277756  8.202133],,,,,,,,,,,,,,[163.        14.671162  14.236715],[247.        18.642572  16.984552],[160.        16.024237  12.801468],,,[123.        15.41937   10.175585],,,,,,,,,,,,,,,,[90.       13.276366  8.81115 ],,,[160.        14.80924   13.816956],[217.        20.992647  13.398121],[215.        20.308403  13.621456],[151.        14.574567  13.203832],[177.        17.018867  13.311045],[162.        16.46296   12.574027],[161.        15.255514  13.469086],[161.        17.187187  12.102122],[149.        16.680782  11.421259],[182.         17.605917   13.2735815],[207.        20.928507  12.762846],[208.        20.765495  13.040467],,,,,[192.        18.430645  13.399969],[139.        14.247197  12.461921],[170.        15.693298  13.891471],[188.        16.799353  14.528082],[161.        17.339409  11.830781],[145.        14.203997  13.122896],[155.        14.867857  13.327298],[166.        16.333662  12.940937],[174.        15.546125  14.244811],[165.        15.555582  13.564681],,[172.        16.521692  13.280521],[147.        14.820458  12.822835],[136.        14.091636  12.313214],[162.         15.6792755  13.225754 ],,[150.        14.561933  13.15472 ],[142.        14.306347  12.650574],[155.        14.579759  13.568743],,[149.        14.974242  12.729128],[157.        15.384155  13.064168],,[192.        18.66375   13.522839],[190.        20.447126  12.100664],[123.         14.555145   10.8329525],[127.        14.781522  11.181191],[201.        20.048706  13.098753],,,,[169.        17.346176  12.437434],[145.        15.526388  11.987171]
4,,,,[109.        14.105375  10.253093],,,,,,,,,,,,,,,,,,,,,,,,,,,,,,,,,,,,,,,,,,,,,,,,,,,,,,,,,,,,,,,,,,,,,,,,,,,,,,,,,[53.       10.423737  6.483709],,[62.        10.255387   7.6948004],,,[146.        16.15007   11.614021]
5,,,,,[2. 2. 0.],,,,,,,,,,,,[63.        14.149729   6.1091814],[36.        11.930471   4.0150533],[24.        10.828182   2.9345493],[75.        13.878279   7.2192793],,[101.        15.690255   8.394007],[11.         8.0519705  1.7699491],,,,,,[73.       13.591096  7.262992],,[41.        12.562861   4.3285203],,[54.       13.887671  5.35946 ],,,,,[6.        6.8313007 0.       ],,,,,,,,,,,,,,,,,,,,,,,,,,[4.       4.472136 0.      ],,,,,,,,[94.       14.36011   8.479944],[130.        13.552612  12.207634],[97.       13.308459  9.425839],[33.        10.411382   4.2618403],[18.         8.892861   2.7086482],[60.       12.729716  6.3227  ],[22.         9.704732   2.9986222],,,,[9.        8.664308  1.2536954],[30.       11.239317  3.485523],[48.        12.077286   5.4282184],[61.        12.45652    6.4196897],[41.       10.998891  5.007074],[48.        11.437988   5.4745803],,[45.       11.694031  5.16209 ],[68.        12.92038    7.1160507]
6,,,,,,[140.        13.912609  12.803257],[130.        13.450765  12.27164 ],[138.        13.302412  13.251808],[165.        15.46068   13.610065],[164.        15.726646  13.390436],[174.        18.00361   12.430662],[190.         18.686455   13.3397875],[167.        17.042513  12.608277],[157.        17.341995  11.535294],[142.        14.391377  12.610548],[102.        13.467225   9.764286],,,,,,,,,,,,[193.        19.5688    12.743915],[205.        19.479012  13.449671],[168.        17.191818  12.457128],[203.        18.118721  14.283031],,[171.        16.29001   13.385594],[145.        14.246744  12.962673],[135.        13.824715  12.470211],[145.        14.177152  13.075991],,[217.        19.073668  14.838238],[143.        15.769478  11.67027 ],[222.        20.089434  14.361855],[175.        18.23474   12.324287],,,,,,,,,,,,,[163.        18.325691  11.37713 ],[134.        15.780985  11.010695],[161.        17.43178   11.845658],[187.        18.149618  13.287863],,,,,,,,,,,,,,,,[137.        13.332516  13.066505],,,,[163.        15.738379  13.27243 ],,,[189.        18.946903  12.768962],,,[80.       11.825996  8.687538],[90.       12.483192  9.331112],,[146.        15.783414  11.845537],[144.        15.684789  11.702151],[173.        21.006353  12.069158],,
7,,,,,,,,,,,,[57.         8.949954   8.1513405],[134.        14.191857  12.011465],[142.        15.169728  11.931446],[141.        15.347005  11.700418],[143.        15.438593  11.796026],[162.        18.666246  11.044816],[153.        17.327505  11.285598],,,,,,,,,,,,,,,,,,,,,,,,,,,,,,,,,,,,,,,,,,,,,,,,,,,,,,,,,,,,,,,,,,,,,,,,
8,,,,,,,,,,,,[141.        16.37589   11.327013],,[123.        13.61975   11.540016],,,[242.         24.134098   14.7304735],,,,,,,,,,,,,,,,,,,,,,,,,,,,,,,,,,,,,,,,,,,,,,,,,,,,,,,,,,,,,,,,,,,,,,,,,
9,,,,,,,,,,,,,,,[76.       11.739098  8.237286],,[99.       12.393853 10.195897],,,,,,,,,,,,,,,,,,,,,,,,,,,,,,,,,,,,,,,,,,,,,,,,,,,,,,,,,,,,,,,,,,,,,,,,,
10,,,,,,,,,,,,,,,,[100.        12.221576  10.425866],,,,,,,,,,,,,,,,[192.        19.359741  12.70295 ],,[183.        18.10594   12.907464],[177.        15.76035   14.308378],[176.         15.743258   14.2953825],[170.        15.849341  13.65511 ],[179.         16.129883   14.1445465],,,,[146.        15.667799  11.895976],[151.        15.619149  12.334159],[158.        15.264057  13.20277 ],[160.        15.033465  13.553295],[149.        15.194508  12.487671],[160.        16.578024  12.28751 ],[152.        15.69601   12.359105],[149.        14.959476  12.747609],[154.        14.770197  13.30568 ],[181.        16.621557  13.912462],[167.        15.869341  13.394558],[169.        15.568539  13.862784],[166.        15.408495  13.738774],[171.        15.795534  13.820329],[167.        15.615909  13.693074],[150.        14.303263  13.343721],[156.        15.902998  12.520411],[155.        15.180476  13.002038],[147.        14.779979  12.722555],[153.        15.37045   12.684627],[152.        15.117359  12.828701],[145.        14.831536  12.489633],[155.        15.684828  12.633012],[155.        16.08824   12.337439],[156.        15.285931  12.99516 ],[160.        15.51626   13.200121],,[151.        15.56033   12.386771],[160.        15.516545  13.146623],[167.        16.576986  12.885439],[167.        16.260336  13.142585],[158.        15.016043  13.479329],[149.        15.370007  12.327271],[152.        15.515582  12.455881],[147.        15.243455  12.333807],[156.        15.361696  12.987371],[152.        15.778062  12.282461],[150.        15.385394  12.419198],[152.        14.837375  13.040177],[160.         15.314429   13.3473835],[152.        15.201941  12.743692],[161.        15.251835  13.520084],[148.        15.127272  12.464728],[153.        15.797446  12.370493],[155.        15.401612  12.849926],[155.        15.614236  12.620925],[150.        15.996649  12.011722],[153.        14.943649  13.036911],[156.        14.987141  13.27652 ]
11,,,,,,,,,,,,,,,,[252.        25.03941   15.977829],[138.        15.131303  11.654508],[143.        14.025354  13.01062 ],[105.        12.501475  10.81761 ],[74.       13.052027  7.301274],,,[107.        11.917927  11.439232],[105.        11.781615  11.337649],[118.        12.798827  11.745132],[119.        12.55931   12.033123],[205.        19.041185  14.384549],[103.        12.768492  10.320457],[81.       12.5534    8.692078],[114.        13.275438  10.994293],[127.        14.108272  11.54501 ],,[134.        15.099662  11.300676],[122.         13.7265415  11.416109 ],[126.        14.770296  11.019948],[186.       20.57015  12.38153],,[108.        14.538051   9.509382],[95.       15.238486  8.389648],,,[53.      11.39046  6.19515],,,,[81.       10.736202  9.958391],[73.       11.651023  8.441556],[79.       11.900856  8.630098],[73.       12.274091  7.840219],[21.         9.843622   2.8461952],[54.       11.411081  6.448581],[57.        11.386462   6.6146216],[93.       12.394372  9.665899],[6.        5.1639776 1.4907119],[40.       12.133912  4.299788],[40.        12.512664   4.1561093],,[41.       10.998891  5.007074],,,,,,,[37.       11.479655  4.300423],,[56.        13.181939   6.0188265],,[12.         8.15005    1.8315204],[42.        12.958622   4.2582955],[33.        13.663088   3.1610448],,,,[16.        10.         1.9364917],[6.        6.8313007 0.       ],,,,,,[50.        11.655257   6.0144973],[5.       5.656854 0.      ],[5.       5.656854 0.      ],[20.         8.666077   3.0559971],[23.         9.7107525  3.1025257],[18.         8.892861   2.7086482],,[40.       10.665951  5.05742 ],[6.        6.8313007 0.       ]
12,,,,,,,,,,,,,,,,,,[78.       10.456805  9.581053],[132.        14.58345   11.532751],[146.        15.414988  12.128335],[120.        14.394695  10.709522],,[123.        14.294858  10.958575],[138.       13.76526  12.78644],[144.         13.9200115  13.188955 ],[160.        16.907791  12.282674],[143.        15.215635  12.0039  ],[125.        13.662445  11.663748],[284.        24.294436  15.333968],[179.        22.114363  12.291371],[127.        14.549581  11.14235 ],,[135.        15.81457   10.860128],[95.       11.57909  10.576984],[79.       10.995003  9.154525],,,[116.        12.562718  11.765181],[75.       10.493478  9.114598],[91.       12.336006  9.470754],,,,,,,,,,,,,,,,,,,,,,,,,,,,,,,,,,,,,,,,,,,,,,,,,,
13,,,,,,,,,,,,,,,,,,[62.       16.183262  5.75606 ],,[148.        14.832666  12.775297],[124.         13.1219225  12.073542 ],,[216.        21.068865  15.744119],[232.        19.992033  15.185867],[276.        24.66749   15.429343],[171.        17.043886  13.078595],[119.        13.846585  11.138727],[209.        28.056667  10.556803],[108.        13.942072   9.961791],[240.        26.153555  12.232116],[265.        24.85877   14.002893],[139.        15.585321  11.401798],[94.       12.026331 10.135401],[89.       11.677753  9.756057],[94.        11.7930355 10.238749 ],[95.       12.567342  9.761981],,[149.        16.518642  11.525441],[190.        19.359941  12.592729],[212.        21.383545  13.149928],[61.        10.2543125  7.6234517],,[172.        18.377651  12.132879],[174.        18.701254  12.041925],[126.        15.682229  10.422549],[160.        17.725449  11.546877],[164.        17.353718  12.112114],[153.        14.952542  13.081948],[259.        29.264608  13.683021],[199.       20.19284  13.67817],[166.        16.385298  13.023796],[165.        16.831001  12.646206],[161.        15.858769  12.977399],[170.        15.702233  13.799228],[99.       13.402713  9.592003],[78.       12.001752  8.369666],[81.       12.412122  8.480244],[84.        11.290144   9.5692835],[80.        10.6132145  9.601936 ],[93.       11.763067 10.188057],[121.        14.920532  10.475047],[112.        13.588042  10.521009],[104.        13.429143  10.062517],[117.        14.41299   10.404085],[125.        14.215339  11.353747],[137.        16.15134   10.910183],[145.        15.613205  11.886298],[151.        16.258072  11.917365],[96.       13.130941  9.497362],[123.        16.074087   9.799527],[73.       10.340279  8.955259],[122.        15.277637  10.205885],[129.        15.614801  10.512217],[121.        15.463584  10.020839],[117.        14.216454  11.458877],[139.        15.375904  11.923466],[106.         13.2475195  10.639795 ],[211.        17.494102  15.891532],[189.        16.835894  14.598176],[221.        20.461021  14.035081],[114.        13.049609  11.129395],[77.       11.717382  8.54018 ],,[126.        14.820736  11.326533],[193.        22.033459  11.299458],,,,,[105.        12.155994  11.085548]
14,,,,,,,,,,,,,,,,,,[132.         13.6265335  12.458263 ],[177.        19.670626  11.992955],[113.        12.849957  11.425285],[115.        13.816239  10.826656],[256.        31.581926  11.390301],[134.        13.954084  12.72974 ],[110.        13.129894  10.86944 ],[217.        22.057096  12.874022],[129.        13.491617  12.215241],[119.         12.977354   11.7802105],[115.        12.994901  11.477127],[143.        16.437853  11.402425],[103.        13.106554  10.297924],[114.        14.343436  10.274558],,[151.        15.457138  12.45218 ],[159.        16.702427  12.116291],[143.        15.654878  11.6466  ],[161.         15.8468485  12.944497 ],,,[170.        15.427417  14.04312 ],[140.        14.48113   12.330572],[149.        14.819214  12.792464],[151.        14.302162  13.430773],[153.         14.935807   13.0270195],[162.        16.272137  12.674812],[158.        15.037201  13.386573],[168.        14.707828  14.576528],[169.         16.190334   13.2756605],[172.        15.400419  14.217469],[170.        17.211401  12.575374],[159.        17.356487  11.70306 ],[174.        17.09316   13.007385],[174.         17.499002   12.7056465],[163.        16.872656  12.33202 ],[148.        15.28767   12.347954],[158.        15.256284  13.213014],[175.        15.963109  13.958903],[154.        14.797154  13.248046],[144.         15.7075405  11.802648 ],,,[163.         16.52502    12.6572895],[164.        16.385033  12.824053],[184.        17.50664   13.595689],[153.        16.588293  11.841693],[174.        16.876152  13.266731],[173.        18.248058  12.779798],[187.        17.234016  14.13085 ],[148.        16.33346   11.566481],[188.         17.997768   13.3598795],[185.         18.148973   13.0590725],,[166.        18.622507  11.588245],[158.        18.18923   11.454997],,,,,,,,,,,,,,,,,
15,,,,,,,,,,,,,,,,,,[157.        15.058142  13.279364],[154.        14.651907  13.39527 ],[152.        14.806105  13.060409],[163.        15.590905  13.334315],[165.        15.4891    13.604306],[151.         15.016758   12.8221245],[158.        14.952124  13.467645],[169.        15.673892  13.708456],[177.         15.8205805  14.2650795],[199.        17.333214  14.636886],[198.        16.944338  14.947547],[186.        17.349556  13.696771],[187.        17.528254  13.592309],[203.        19.880974  13.039614],[114.        13.309251  11.072116],,,,,[149.        16.341923  11.75458 ],[68.        9.936191  8.685119],,,,,,,,,,,,,,,,,,,,,,,,,,,,,,,,,,,,,,,,,,,,,,,,,,,,
16,,,,,,,,,,,,,,,,,,,[121.        16.035769   9.757246],[132.        16.244118  10.362177],[145.        17.240713  10.736147],[173.        17.57617   12.536368],[130.        13.574889  12.327705],[206.        18.267357  14.370112],[196.        18.785622  13.300912],[176.        18.271158  12.264432],[182.        18.141497  12.86377 ],[177.        18.37199   12.264236],[165.        16.94103   12.607275],[99.       13.340702  9.509432],[109.       13.70374  10.23862],,[218.        19.421898  15.391834],[279.       20.59445  17.55538],[154.        16.549263  11.984733],[150.        14.776291  13.015167],,,[153.        15.660038  12.462262],[160.        17.035028  11.975168],[162.        16.496508  12.5028  ],[165.        17.533003  11.987458],[155.        14.851589  13.343229],[148.        17.300854  11.015016],[445.        39.7023    16.366175],[178.        17.789076  12.978971],[144.        17.18473   10.752219],[153.        18.002731  10.982693],[160.        20.033112  10.26003 ],[148.        17.745827  10.69141 ],[153.        16.594173  11.791327],,,,,,,,,,,,,,,,,,,,,,,,,,,,,,,,,,,,,,,
17,,,,,,,,,,,,,,,,,,,[136.        13.542615  12.814817],[142.        13.601766  13.302863],[143.        13.702749  13.306401],[167.        16.167482  13.221193],[150.        16.136387  11.941083],[226.        19.870655  14.751707],[161.        15.972556  13.124587],[183.        16.209723  14.382731],[201.         17.600414   15.2982645],[266.        22.157333  16.172852],[73.       10.947023  8.570515],[82.       10.673864  9.778066],[106.        12.285069  11.009519],[222.        19.400873  14.791   ],[119.         14.6556835  10.539959 ],,[267.        25.335896  14.369099],[244.        21.358719  14.790719],[139.         14.823351   12.0777025],[115.        15.305988   9.977243],[147.         16.538395   11.4237175],[143.        15.659382  11.966875],[359.        30.693901  15.106204],[156.        16.939138  11.895302],[128.        13.693753  11.937323],,,[184.        19.117079  12.430371],[191.        19.726252  12.513621],[91.       11.19322  10.556915],,[98.       12.631706  9.887423],[99.       12.83073   9.877551],[88.       11.147006 10.137813],[92.       11.538914 10.377787],[99.       12.543292 10.130945],[164.        16.0529    13.299901],[114.        14.219948  10.668365],[291.        29.793388  13.794114],[122.        14.623305  10.799104],[276.        28.407484  12.901373],[161.        15.971271  12.984737],[293.        28.708979  13.797206],[158.        16.54047   12.472375],[190.        21.384289  11.411776],[152.        16.458149  11.933037],[143.        16.0363    11.437096],[215.        23.061317  12.155549],[178.        17.90908   12.890285],[266.        25.27618   14.844243],[179.        17.300152  13.456125],[118.        15.211827  10.790658],,[110.        15.277869   9.667954],[178.        17.478008  12.964632],[219.        22.086576  12.896716],[84.       12.352207  9.099169],[72.       11.309908  8.446428],,,,,,,[101.        12.619028  10.285037],[102.        12.824819  10.194382],[108.        13.015563  10.669678],[98.       12.146332 10.483767],[110.        12.8739    10.947216],[113.        13.149517  11.006469],[127.        14.616708  11.121871],[129.        13.820838  12.08252 ]
18,,,,,,,,,,,,,,,,,,,,,,,[25.        5.982403  5.301741],,[27.         6.874977   5.1158843],,,,,,,,,,,,,,,,,,,,,,,,,,,,,,,,,,,,,,,,,,,,,,,,,,,,,,,,,,,,,,,,,
19,,,,,,,,,,,,,,,,,,,,,,,,[66.       12.379016  7.126406],[81.       13.438634  8.056195],,[155.        15.882551  12.557662],[146.        16.003452  11.710486],,,,,,,,,,,[127.        15.339726  10.609996],,,,[37.        11.368259   4.2205544],,,,,,,,,,,,,,,,,,,,,,,,,,,,,,,,,,,,,,,,,,,,,[25.        10.164835   3.1349847],,
20,,,,,,,,,,,,,,,,,,,,,,,,[26.        11.205644   2.9982924],[9.        5.9710984 1.859326 ],[247.        23.821623  13.520263],,,,,,,,,,,,,,,,,,,,,,,,,,,,,,,,,,,,,,,,,,,,,,,,,,,,,,,,,,,,,,,,
21,,,,,,,,,,,,,,,,,,,,,,,,,,,[118.        13.077884  11.567483],[162.        18.47253   11.345091],[145.        14.717138  12.571315],[278.        27.75592   13.758241],[172.        15.535797  14.385681],[129.        14.190288  11.659764],[170.        18.26764   12.113588],[241.        19.842104  16.342249],[198.       16.7633   15.85055],[92.        13.250085   9.0372305],,,[78.       11.23918   9.150669],[99.       11.842197 10.685908],[112.        13.558097  10.56748 ],[226.        18.213547  16.205948],[221.        19.39917   15.081734],[232.        20.767706  15.027024],[167.        17.181755  12.527743],[167.        17.870062  12.302987],[250.        27.539402  12.109538],[215.        20.536314  13.571634],[233.        22.368969  13.534437],[314.        25.19222   16.940819],[277.        23.314     15.594303],,,,,,,,,,,,,,,,,,,,,,,,,,,,,,,,,,,,,,,
22,,,,,,,,,,,,,,,,,,,,,,,,,,,[106.        14.143434   9.891705],[121.        13.724718  11.371979],,,,,,,,,,,,,,,,,,,,,,,,,,,,,,,,,,,,,,,,,,,,,,,,,,,,,,,,,,,,,,
23,,,,,,,,,,,,,,,,,,,,,,,,,,,[158.        15.708972  13.148756],[133.        14.208606  12.138388],[259.        20.383915  16.673012],[194.        19.024376  13.199459],[182.        17.868605  13.219849],[153.        16.903145  11.643211],[222.        20.303198  13.969807],[221.        20.520287  13.845225],[203.        19.480349  13.348722],[172.        17.329136  12.724804],[193.        18.625856  13.442658],[182.        17.683096  13.538276],[136.        14.807549  11.732543],[133.        13.233986  12.826762],[148.        14.829991  12.771427],[134.        13.724909  12.529894],[123.        13.898273  11.335433],[132.        13.315103  12.682898],[139.        14.243306  12.423514],[203.        19.695107  13.973686],[61.        9.033248  8.67633 ],[85.       10.515825 10.260016],[80.       11.651661  8.977126],[80.       11.804921  8.780737],[86.       11.425966  9.651585],[90.       12.451344  9.320419],,[94.       12.207212 10.045338],[82.       10.783749  9.78647 ],[76.       10.234411  9.62377 ],[133.         13.208142   12.8294935],[89.       11.628176  9.969061],[112.        14.846815   9.98184 ],[101.        13.99596    9.358094],[89.       12.614258  9.022622],,[93.       11.800681 10.218596],[91.     11.7815  9.8748],[83.       11.531121  9.26173 ],[95.        12.1811495 10.13296  ],[95.       11.895695 10.237113],[85.       12.463738  8.81799 ],,[169.        18.133728  12.310519],[214.        18.856586  14.574591],[195.         19.123405   13.9353485],[200.         20.087957   13.8863945],[161.        17.554934  11.796145],[80.       11.862444  8.810217],[177.        20.03678   11.569553],[192.        18.895254  13.176938],[153.        17.23177   11.362874],[149.        15.31216   12.454495],,[143.        15.217768  11.964762],[144.        14.269885  12.892929],[150.        14.966136  12.804631],[152.        14.38303   13.459297],[156.        14.393437  13.904078],[162.        15.615727  13.183348],[163.        14.472365  14.342845],[180.        17.317823  13.286554],[156.        14.845834  13.430916],[185.        16.672289  14.470067]
24,,,,,,,,,,,,,,,,,,,,,,,,,,,,[79.        12.904535   7.8671966],[121.        13.886281  11.174024],[110.        13.388514  10.448042],[105.        12.717092  10.513856],,,,,,,,,,,,,,,,,,,,,,,,,,,,,,,,,,,,,,,,,,,,,,,,,,,,,,,,,,,
25,,,,,,,,,,,,,,,,,,,,,,,,,,,,,[25.         9.54145    3.5625756],[104.        14.663407   9.306064],[96.       12.160584 11.181212],,[155.        16.787352  11.853308],[149.        17.52617   10.986758],[159.        17.361605  11.687996],[157.        15.547538  12.870708],[152.        16.09029   13.032192],[87.       12.425909  9.119413],[84.       10.828443  9.999599],[204.        20.618744  13.466381],[139.        13.931526  12.773391],[91.       11.649062 10.05032 ],,[213.        23.031904  15.290851],[183.        19.896067  11.891313],[94.       11.796127 10.248887],[50.       11.603034  5.692943],[78.       13.714046  7.652283],[68.        13.904793   6.2943377],[4.       4.472136 0.      ],,[70.        12.556841   7.5312157],[86.       13.298789  8.476543],[92.       12.495459  9.585926],[42.         9.6343775  6.4399967],[68.        12.145704   7.4979253],[111.        12.857725  11.272797],[106.        12.389529  11.144369],[114.        13.336469  11.327688],[110.        15.787845   8.937255],[124.        13.270896  12.040812],[249.        28.876091  11.702518],[125.        13.867393  11.676824],[195.         18.990803   13.4811125],[221.        25.67241   11.910625],[154.        17.383087  11.337476],[157.        15.258301  13.218507],[142.        19.65356   10.666565],[153.        16.424286  11.883967],[155.        16.142424  12.297257],[145.        14.422227  12.816403],[151.         14.716325   13.0734825],[171.        16.376488  13.407473],[141.        15.005268  12.018363],[142.         14.6324415  12.380465 ],[137.        14.560099  12.060086],[141.        14.623117  12.301788],[107.        17.612633   8.051457],[161.        22.700333  10.226781],[70.       15.539552  6.172345],[157.        16.61957   12.124795],[109.        19.918303   8.263536],[35.        13.212738   3.6962025],[29.        12.559061   3.0882874],,,,,,[53.       13.921614  5.245147]
26,,,,,,,,,,,,,,,,,,,,,,,,,,,,,[159.        18.462452  11.117804],[49.        12.679202   5.1523256],[54.        12.990709   5.7112775],,[108.        14.976679   9.486734],[67.        13.758095   6.5092907],[84.       14.186663  7.770915],,,,[26.        12.000223   2.8731499],,,[23.         8.9939575  3.4587827],[168.        20.360773  10.745383],[103.        14.274763   9.319136],,,,[102.        13.279606   9.8919  ],[250.        22.154493  15.327843],[199.        21.74092   12.097466],[221.        21.7868    13.339137],[116.        13.268569  11.293553],[212.        20.146679  13.490786],[101.        11.521826  11.148356],[137.        14.138014  12.469042],[131.        14.519347  11.730659],[129.        15.418236  10.943245],[31.       10.259928  4.15206 ],,,[5.       5.656854 0.      ],,,,,,,,,,,,[7. 8. 0.],,,,,,,,,,,,,,,,,
27,,,,,,,,,,,,,,,,,,,,,,,,,,,,,,[45.       8.38626  6.81317],[80.       11.3915    8.930354],,[88.       11.488374  9.8239  ],[88.       12.075668  9.302567],[98.       12.364301 10.103522],,,,[182.        19.517012  12.077324],,,[124.        13.274765  11.893788],,[115.        13.781582  10.685075],[128.        14.457934  11.28395 ],[144.        15.333292  12.444217],[114.        12.901296  11.224908],[128.        13.527501  12.238909],[100.        12.430768  10.239571],[113.        12.842426  11.294155],[96.       12.327456 10.009326],[96.       12.922974  9.557949],,,,,,[70.        11.466694   7.7743063],[94.       14.021026  8.537155],[131.        19.138195  10.939992],[132.        16.226566  10.49464 ],[146.        17.914034  10.764063],[127.        16.36957   10.087926],[132.        14.347799  11.972849],[129.        15.125937  10.996258],[152.        18.24688   10.619007],[156.        20.37554   10.031531],,,,[135.        15.135914  11.568823],,,,,,,,,[185.        18.026503  13.170236],,[89.       12.113034  9.449502],[96.       12.980978  9.4241  ],[92.       11.954659  9.798494],,,[110.        12.471765  11.305651],[116.        13.188428  11.244815],[133.        14.120278  12.039561],[130.        13.936235  11.879177]
28,,,,,,,,,,,,,,,,,,,,,,,,,,,,,,[57.        8.964393  8.13122 ],[96.       11.742577 10.443586],,[90.       11.402964 10.335464],[111.       12.89284  11.07099],[115.        13.394473  10.952759],[87.       11.817833  9.382638],,,,[183.        21.32904   11.342333],[121.        12.985077  11.867689],[111.        12.474786  11.313517],[96.       13.030798  9.424427],[83.       12.344882  8.542493],[32.         9.535916   4.2906933],,[49.       11.719003  5.416844],,[59.        13.121547   5.9827123],[91.       13.350329  8.906949],,,[84.        11.900447   9.0209255],[110.        13.443825  10.500914],[173.        18.915508  11.733718],[191.        21.00696   11.734286],,[98.      15.18502  8.43669],[109.        15.906382  10.383314],[83.        15.6291895  7.119138 ],[97.       13.017843 11.563348],[141.        16.048288  11.632972],[142.        14.391161  12.792836],[102.        14.372023   9.277274],[129.        14.277504  11.584799],[112.        12.813232  11.392506],[140.        17.50631   12.540324],,[72.        14.908128   7.6475735],[120.        16.780552   9.386621],,[85.        18.659302   6.0965576],,[108.        15.46053    9.279724],[114.        16.717257   8.910293],[128.        17.352512   9.890152],[101.        14.161327   9.424843],[90.       11.482912 10.031876],[98.       11.826672 10.602187],,,[96.       12.899584  9.522453],,,,,,[98.       11.778238 10.790202],[103.         11.857695   11.0725355],[110.        12.624726  11.127633]
29,,,,,,,,,,,,,,,,,,,,,,,,,,,,,,,[181.        21.61831   11.319638],,[90.       12.57112   9.199116],[108.         12.371024   11.3499155],[113.        12.96155   11.252634],[79.       11.113614  9.172867],,[78.      11.41406  8.81048],,,,,,,,,,,,,,,,,,,,,,,,,,,,,,,,,,,,,,,,,,,,,,,,,,,,
30,,,,,,,,,,,,,,,,,,,,,,,,,,,,,,,[3.        3.2659864 0.       ],,,,,,,,[75.       12.836581  7.631756],,,,,,,[14.         8.944272   1.9166297],,,,,,,,,,,,,,,,,,,,,,,,,,,,,,,,,,,,,,,,,,,,
31,,,,,,,,,,,,,,,,,,,,,,,,,,,,,,,,[75.        10.2173195  9.41286  ],,,,,,,,,,,,,,,,,,,,,,,,,,,,,,,,,,,,,,,,,,,,,,,,,,,,,,,,,,
32,,,,,,,,,,,,,,,,,,,,,,,,,,,,,,,,[128.        15.746217  10.340399],,,,[182.        21.707674  11.415809],[117.        13.145453  11.364027],,,,,,,,,,,,,,,,,,,,,,,,,,,,,,,[161.        19.39124   10.976021],,,,,,,,,,,,,,,,,,,,,,
33,,,,,,,,,,,,,,,,,,,,,,,,,,,,,,,,[156.        14.921594  13.348989],,,,,[212.        19.654495  14.187219],,,,,,,,,,,,,,,,,,,,,,,,,,,,,,,[162.        15.044164  13.737659],,,,,,,,,,,,,,,,,,,,,,
34,,,,,,,,,,,,,,,,,,,,,,,,,,,,,,,,[131.        14.531619  11.507326],[131.        13.435483  12.539598],[139.        14.466409  12.262876],[145.        14.965383  12.351323],[156.        15.032787  13.206579],[156.         14.4436865  13.758886 ],[156.        14.709707  13.50559 ],,,,,,,,,[164.        15.666568  13.529422],[147.        14.509909  12.940714],[147.         15.530555   12.2215605],[156.        15.665888  12.945319],[161.        15.223828  13.620716],[170.        15.605985  13.977316],[162.        15.846228  13.062204],[147.        14.84194   12.807681],,,,,,,,,,,,,,,,,,,,,,,,,,,,,,,,,,,,
35,,,,,,,,,,,,,,,,,,,,,,,,,,,,,,,,[118.        13.319783  11.364439],[116.        13.993596  10.581699],[106.        12.34933   10.904335],[109.        12.110569  11.508049],[98.       12.805768  9.848701],[165.        17.155113  12.280163],[149.        16.382242  11.71433 ],[149.        16.191584  11.881019],[161.        17.857166  11.738259],[176.       19.23594  11.93356],[167.        19.259714  11.388017],[140.        14.179687  12.660858],[144.        16.589506  11.319457],[167.        17.835033  13.925256],[239.        25.659033  14.819843],[259.        28.469925  14.494327],[76.       11.244292  8.66126 ],[67.       10.406581  8.288826],[69.        9.594339  9.194022],[128.        15.77628   10.398862],[117.        14.363641  10.58711 ],[121.        13.918547  11.277266],[219.        20.01247   14.202101],[105.        13.143053  10.190562],[109.        12.659304  10.969374],[111.        13.029974  10.882085],[178.        18.5146    12.510503],[173.        17.980976  12.391341],[169.        17.601526  12.252292],[118.        15.132083  10.96002 ],[225.        20.44515   15.904016],[224.        24.062765  12.364968],[80.       10.470931  9.952618],[92.       11.383086 10.474744],,[152.        16.381641  11.882645],[178.        18.762556  12.21471 ],[133.        14.230138  11.922796],[101.        14.083489   9.270109],[95.       11.636954 10.503333],[63.        9.600921  8.416034],[318.        29.031137  14.205523],[152.        15.049235  13.142692],[135.        14.240466  12.527712],[135.        13.646371  12.860348],[202.        21.224863  12.534241],[180.        17.713762  13.005294],[164.        15.413096  13.600305],[163.        14.911516  14.013203],[169.        15.262722  14.151125],[161.        14.946217  13.836373],[164.        15.563184  13.493526],[161.        15.34456   13.405087],[159.        14.868272  13.676299],[154.        14.380254  13.696663],[154.        14.347176  13.703176],[157.        15.816625  12.670344],[138.        14.083084  12.620978],[151.        15.500144  12.624743]
36,,,,,,,,,,,,,,,,,,,,,,,,,,,,,,,,[105.        11.726649  11.482416],,,,,[175.        16.967997  13.24304 ],[164.        16.130959  13.169143],,,,,,,,,,,,,[243.        19.327734  17.41524 ],[110.        15.121168   9.332758],[270.        23.575903  17.149776],[234.         29.037697   12.1924515],[103.        13.573343   9.664072],[107.        12.383767  10.993895],[106.        12.312314  10.993559],[138.        15.702632  11.299958],[132.         13.99742    12.2033825],[141.        16.828249  10.831262],[159.        17.412952  11.769332],[224.        21.367792  14.164589],[145.        17.212288  10.880726],[143.        16.301067  11.297831],[142.        15.955689  11.373813],[145.        16.181614  11.546394],[160.        16.423918  12.460009],[148.        15.155207  12.443934],[139.       15.62709  11.37248],[165.         15.8544445  13.278465 ],[164.        16.296959  12.904116],[138.        14.385878  12.204366],[148.        16.171236  11.666704],,,,,,,,,,,[41.        8.162939  6.352194],[65.        9.293343  8.928788],[84.       10.747887  9.924885],[96.       12.084219 10.147153],[110.        12.280805  11.401828],[126.        13.538831  11.894753],[146.        13.989137  13.278858]
37,,,,,,,,,,,,,,,,,,,,,,,,,,,,,,,,[102.        12.090264  10.781321],,,,,[144.        16.453388  11.542281],,,,,,,,,,,,,,,,,,,,,,,,,,,,,,,[89.       10.865612 10.45967 ],,,,,,,,,,,,,,,,,,,,,,
38,,,,,,,,,,,,,,,,,,,,,,,,,,,,,,,,[81.       11.554843  8.940966],,,,[101.        11.96318   10.805971],,[146.        15.956088  11.905473],,,,,,,,,,,,,,,,,,,,,,,,,,,,,,[147.        17.86421   10.641265],,,[203.        18.841484  13.863962],,,,,,,,,,[191.        17.96968   13.644783],,[125.         14.6590605  11.1920595],[133.        14.897096  11.562717],[141.        14.520431  12.505476],[132.        14.128683  11.953736],[130.        14.56289   11.538169],,,
39,,,,,,,,,,,,,,,,,,,,,,,,,,,,,,,,[81.        11.616147   9.1897335],,,,[232.        21.758083  13.6759  ],,,,,,,,,,,,,,,,,,,,,,,,,,,,,,,,,,,,,,,,,,,,,,,,,,,,,,
40,,,,,,,,,,,,,,,,,,,,,,,,,,,,,,,,[212.        19.439775  13.938982],,,,,[202.        18.907843  13.648982],[168.        16.385546  13.06042 ],,,,,,,,,[60.       11.002073  7.284607],[56.        11.873387   6.2806163],,[21.        12.152864   1.9907838],[83.       12.434842  8.599695],[80.       12.676927  8.10867 ],[90.       12.038931  9.766885],[93.       11.423623 10.618434],[64.       11.369607  7.474541],[86.       11.950877  9.243634],,[93.       12.538044  9.46649 ],[20.        19.568148   1.8888104],,[87.       21.264612  5.890589],[30.       15.289378  3.042555],[100.        18.518583   8.397884],,[59.       13.645292  6.087051],[99.       14.284894  9.315879],[149.        14.884839  12.885453],[146.        16.308514  11.453189],,[140.        14.494728  12.295312],[83.       11.316944  9.369804],,,,,,,,,,,,,,,,,,,
41,,,,,,,,,,,,,,,,,,,,,,,,,,,,,,,,[264.        23.00774   15.035523],[127.        14.130676  11.468465],[122.        12.700839  12.255506],[112.        12.659603  11.366507],[96.       12.649325  9.762889],[147.        14.279008  13.145469],[148.        15.203329  12.447631],,,,,,,,,,[193.        17.741451  14.668117],[88.       13.356026  8.449463],[172.        18.599949  12.341071],[83.       11.004286  9.726746],[139.        19.289694   9.910289],[98.       12.099932 10.314133],[113.        13.217447  10.928813],[80.       11.007296  9.326009],[90.       13.599112  8.652665],[142.       18.46414  10.17568],[91.       13.279617  8.940574],,,[74.       10.481211  9.225819],,[189.        21.527018  11.367476],[117.        13.235018  11.257513],[190.        22.932892  11.426586],[175.        21.043562  10.820846],,[118.        15.788377   9.825031],,,,,,[119.        13.251288  11.396594],[139.         14.766349   11.9767885],[123.        13.655402  11.487593],[127.        13.244934  12.234724],[123.        13.036435  12.001407],[107.        12.475583  10.901137],[109.        12.359608  11.21341 ],,[121.        13.240665  11.662331],[132.        13.240228  12.696692],[125.         13.323295   11.9639015],[114.        12.794408  11.355538],[168.        19.187532  11.26063 ],[152.        16.738285  11.642923],[165.        19.115728  11.293021],[168.        20.532507  11.208752],
42,,,,,,,,,,,,,,,,,,,,,,,,,,,,,,,,,[187.        18.646704  12.84283 ],,,,,,[167.        15.759337  13.492977],[169.        15.372599  14.02286 ],[156.        15.282647  12.991863],,,,,,,,,,,,,,,,,,,,,,,,,,,,,,,,,,,,,,,,,,,,,,,,,
43,,,,,,,,,,,,,,,,,,,,,,,,,,,,,,,,,[102.        13.971912   9.357596],[99.       12.103424 10.471894],[104.        12.064712  11.076609],,,,,,,,,,,,,,,,,,,,,,,,,,,,,,,,,,,,,,,,,,,,,,,,,,,,,,,
44,,,,,,,,,,,,,,,,,,,,,,,,,,,,,,,,,,,,,[109.        14.236689   9.883829],[142.         14.3065405  12.661046 ],[170.        16.647911  13.006839],[183.        16.26903   14.348815],[24.        9.72968   3.197221],,,,[97.        16.336416   7.8810105],[93.       13.199212  9.492584],[21.         9.518915   3.0151188],[28.       10.038525  3.793586],[43.       11.350547  5.168875],[1. 0. 0.],,,,,,,,,,,,,,,,,,,,,,,,,,,,,,,,,,,,,,,,
45,,,,,,,,,,,,,,,,,,,,,,,,,,,,,,,,,,,,,[187.        20.692823  12.325191],[90.       10.907462 10.563113],,,[215.        20.280224  13.557608],[139.        14.963003  11.931765],,[111.        12.482353  11.37833 ],,[143.        14.146427  12.905457],[126.        13.297206  12.11982 ],[117.        12.560665  11.9859  ],[114.        13.329815  11.001564],[121.         15.7174835   9.9623   ],[94.        24.199476   5.6111035],[24.         8.288673   4.1154323],[61.        11.59838    7.4694047],[78.       11.635577  9.216403],[9.        5.9710984 1.859326 ],[24.        7.903986  4.048224],[10.         7.1829004  1.7680331],[21.         8.640987   3.1758728],,[53.       12.651414  5.743674],,,,[96.       14.548992  8.926616],[34.       10.825987  4.19945 ],,[33.        11.609532   3.9620829],[20.        10.         2.6532998],,,[34.       11.324102  4.088976],,[29.        10.325177   3.9650068],,,,,,[3.        3.2659864 0.       ],,[18.         8.5554695  2.9294574],,,,,,,,,
46,,,,,,,,,,,,,,,,,,,,,,,,,,,,,,,,,,,,,,,[78.       11.675802  8.773828],[93.       12.536367  9.549833],[147.        17.842712  10.997835],,,,,,,,,,[112.        12.903016  11.093787],[119.         13.192107   11.4958515],[104.        12.977994  10.262346],[130.        16.62193   10.114949],,,,[107.        13.245659  10.368449],,,[120.        14.441768  10.582523],[122.        13.945271  11.189879],[115.         13.289584   11.0035305],[151.        16.225101  11.875078],[129.        15.200577  10.787299],[144.        15.388533  11.986656],[157.        17.10811   11.792372],[119.        13.24269   11.440904],,,[81.       11.056351  9.412659],,,,,,,,,,,,,,,,,,,
47,,,,,,,,,,,,,,,,,,,,,,,,,,,,,,,,,,,,,,,[108.        13.232296  10.499378],[109.        12.726672  11.017641],[116.        13.850951  10.699613],,,,,,,,,[96.       11.759968 10.420001],[131.        14.4363    11.668786],[134.        13.729222  12.420435],[120.        13.449444  11.34334 ],[124.        13.928974  11.322412],[193.        20.420023  12.380722],[191.        21.60457   11.700301],[207.        19.983568  13.400775],[112.        13.295222  10.81293 ],[124.        15.00969   10.630074],[121.        13.959707  11.053719],,[112.        12.652999  11.299601],[115.        12.863223  11.397179],[115.        12.882919  11.413559],[112.        12.864399  11.141751],[116.         13.236607   11.1858835],[125.        14.147164  11.301419],,[153.        17.888615  11.824346],[162.        17.029596  12.361982],[103.        12.328664  10.739054],[95.       11.786308 10.26696 ],[73.       10.56492   8.844926],[79.       10.125308  9.93129 ],[98.       11.741653 10.656867],[69.       10.136734  8.796411],[92.       12.079573  9.868933],[121.        13.203928  11.664064],[126.        13.522955  11.866262],[129.        13.226608  12.430596],[115.        12.454704  11.750238],[122.        12.945759  12.008906],[131.        13.870755  12.022987],[124.         13.0460205  12.10714  ],[116.        12.676342  11.721095],[121.        13.128942  11.74645 ],[125.        13.283223  11.962668],[125.         13.163265   12.1286125],[125.        13.944076  11.462875],[124.        13.135394  12.018432]
48,,,,,,,,,,,,,,,,,,,,,,,,,,,,,,,,,,,,,,,[100.        12.536123  10.181828],[115.        14.356204  10.268648],[109.       13.04442  10.68324],[83.       11.654523  9.061984],[170.        22.437866  10.462054],,[191.        23.548445  12.088841],,[117.        14.814682  10.082606],[164.        17.781319  12.077983],[94.       11.258676 10.817137],[75.       10.52648   9.115866],[85.       11.085973  9.775955],[115.        14.17874   10.665204],,[129.        14.543788  11.46533 ],[116.        12.767231  11.672562],[369.        34.88964   16.149744],[86.      12.99685  8.6691 ],[254.        27.726007  12.080898],[93.       12.955955  9.164918],[107.        14.916637   9.269596],[102.        14.999654   8.735993],[93.       13.534301  8.787806],[106.        14.727041   9.171285],[195.        18.38658   13.944017],[98.       13.656121  9.168839],[108.         14.283257    9.7958355],[106.        14.388051   9.576583],[73.       10.600746  8.902015],[96.       12.924594  9.822382],[196.        16.570215  15.18959 ],[202.        21.89973   13.901579],[258.        21.88325   15.192205],[110.        13.010588  10.897114],[84.        11.31829    9.6581335],[95.        11.932237  10.4012575],[100.        12.531739  10.570237],,[235.        21.578415  14.258486],[249.        21.202719  15.358869],[282.        21.740063  17.23499 ],[284.        22.347591  16.92735 ],[288.        22.3101    17.102705],[207.        20.994766  14.598635],[174.        18.69624   13.061886],[190.        19.759113  13.377189],[212.       21.92315  13.13503],[215.        21.603577  13.900833],[197.        20.582174  13.711747],[195.        20.723955  13.094482],[226.        21.473589  14.048902]
49,,,,,,,,,,,,,,,,,,,,,,,,,,,,,,,,,,,,,,,,,[84.       11.339284  9.568289],,,,,,,,,,[117.        13.178876  11.385567],[117.        12.80235   11.649101],[117.       13.63361  11.13292],[126.        13.525849  11.887237],,,,[55.         9.182654   7.6512523],,,,,,,,,,,,,,,,,,,,,,,,,,,[98.       12.076888 10.378734],[99.       12.604312 10.026961],,,,
50,,,,,,,,,,,,,,,,,,,,,,,,,,,,,,,,,,,,,,,,,[4.       4.472136 0.      ],[12.         9.092121   1.7320508],[122.        14.017807  11.188349],,[14.         8.944272   1.9166297],,,,,,,,,,,,,,[14.         7.7784653  2.4878414],,,,,,,,,,,,,,,,,,,,,,,[48.        12.077286   5.4282184],[44.        11.55803    5.1673193],,,[4.       4.472136 0.      ],,,[28.        11.783766   3.0904725],[105.        16.437563   8.47033 ]
51,,,,,,,,,,,,,,,,,,,,,,,,,,,,,,,,,,,,,,,,,[3.        3.2659864 0.       ],[121.         13.4072695  11.628992 ],[123.        13.175192  12.014483],[124.        12.914781  12.39282 ],[162.        17.388971  12.625258],,[120.        14.658658  10.874402],[122.        14.32152   11.238261],[187.        17.86593   13.758268],[110.        13.785878  10.664368],[108.        14.264732   9.919304],[107.        14.665408   9.656515],[111.        14.381132  10.367738],,[215.        22.103945  12.61869 ],[109.        13.312809  10.551016],[94.       13.448697  9.163665],[124.        13.638136  11.646465],[105.        13.427052  10.218609],[123.        13.493041  11.734154],[146.        14.556089  12.810797],[132.        13.761565  12.338338],[141.        14.642104  12.320732],[136.        15.571063  11.182411],[129.         14.757337   11.2376585],,[134.        14.276317  11.936552],[137.        13.694854  12.871816],[159.        16.87565   12.021048],[169.         17.515844   12.3845625],[124.        14.692427  11.014248],[145.        14.937948  12.414868],[161.        17.10475   12.033064],[169.        16.64149   13.014183],[178.        16.367357  14.109193],[161.        16.021288  12.862649],[164.        15.381241  13.657398],[140.        14.777354  12.079583],[136.        14.446169  12.035964],[131.        13.891074  12.057019],[131.        13.870485  12.068421],[141.        14.390006  12.530846],[155.        15.842529  12.469704],[152.        14.845757  13.099487],[130.        14.008121  11.847543],[148.        15.444475  12.283032],[141.        14.190882  12.695895],[154.        15.066221  13.105294],[140.        14.319508  12.47966 ],[133.        14.085769  12.123569]
52,,,,,,,,,,,,,,,,,,,,,,,,,,,,,,,,,,,,,,,,,,[168.        20.502647  10.81748 ],,[228.        21.187355  14.266578],[239.         23.03091    13.8619995],,[213.        21.276123  13.616956],,[132.        16.168777  10.498126],[91.       11.654905  9.975791],[91.       12.172433  9.513589],[101.        12.041954  10.714165],[94.       12.094067 10.054209],,,,,,,,,,,,,,,,,,,[129.        12.991411  12.650692],[133.        13.106818  12.922706],[124.        12.945865  12.180903],[128.        13.35135   12.228506],[104.        12.225407  10.890163],[104.        12.638785  10.551684],[73.       10.623154  8.966137],[70.       10.231128  8.877026],[88.       11.166799 10.062251],[76.       10.482292  9.344867],[62.        9.727222  8.140499],,,,[75.       11.18524   8.625858],[78.        10.9256525  9.265831 ],[73.       10.862907  8.67965 ],,[71.       10.083413  8.950472]
53,,,,,,,,,,,,,,,,,,,,,,,,,,,,,,,,,,,,,,,,,,[118.        13.479749  11.180759],[132.        16.82522   10.265402],,,[110.        13.321528  10.656377],,[115.        13.150333  11.251918],[119.        13.40682   11.414047],[126.       13.84075  11.59327],,,,,,,,,[119.         13.493674   11.3309965],[121.         14.1508665  10.946864 ],[110.        13.21719   10.640797],,,,,,,,[129.        13.3504    12.311459],[130.        13.497535  12.280306],[129.        13.050665  12.603524],[112.        12.511847  11.391216],[117.        12.832811  11.649599],[118.        12.674952  11.881224],,[126.        13.096015  12.248233],[134.        13.878213  12.330608],[102.        12.30226   10.686078],[106.        13.144849  10.445765],[98.       11.645012 10.736814],[106.        12.64698   10.772831],[114.        12.668081  11.513418],[112.        12.623055  11.356595],[155.        17.885439  11.622096],[101.        13.521741   9.691542],[101.        11.985817  10.865344],[85.       12.525362  8.988944],[101.        13.466297   9.834843],[155.        17.821934  11.648054],[104.        12.853034  10.440765]
54,,,,,,,,,,,,,,,,,,,,,,,,,,,,,,,,,,,,,,,,,,[142.        20.022287  10.326388],[102.        12.410834  10.483782],,,,,,,,,,,,,,,,,,,,,,,,,,,,,,,,,,,,,,,,,,,,,,,
55,,,,,,,,,,,,,,,,,,,,,,,,,,,,,,,,,,,,,,,,,,,[116.         14.0570345  10.572564 ],,,[100.        12.525156  10.200023],,[88.       10.990605 10.335487],,,,,,,,,,,,,,,,,,,,,,,,,,,,,,,,,,,,,,,,,,
56,,,,,,,,,,,,,,,,,,,,,,,,,,,,,,,,,,,,,,,,,,,[84.       11.555724  9.230504],,,,,,,,,,,,,,,,,,,,,[159.        22.141811  10.704657],[103.        12.838337  10.258318],[103.        12.270489  10.731389],[150.       15.12311  12.74401],,[182.        18.624855  12.632849],[240.        20.822065  15.48142 ],[126.        18.252357   9.279803],[126.        13.611374  11.940575],[132.        14.425173  11.701318],[103.        15.134531   8.840123],[109.        14.219855   9.941818],[122.        13.949718  11.399577],[116.         14.4789095  10.316845 ],[203.        21.161892  12.505892],[195.        21.678947  12.144748],[126.        13.941654  11.619335],[188.        18.349173  13.342345],[185.        18.098644  13.346982],[193.        20.862043  12.297849],[117.        13.981653  10.800117],[211.         20.93002    13.2503395],[121.        13.315994  11.61705 ],[113.        13.368349  10.843654],[123.        13.809963  11.426949],[115.         12.918929   11.4291315],[117.         12.5727825  11.9345665]
57,,,,,,,,,,,,,,,,,,,,,,,,,,,,,,,,,,,,,,,,,,,,[98.       11.650261 10.737247],[108.        12.12459   11.341794],,[109.        12.278334  11.359749],[128.        15.346645  10.623898],[89.        11.9240055  9.858903 ],[92.       11.190562 10.525154],[102.        11.621933  11.163678],[109.        12.142646  11.497999],[104.        12.255019  10.816969],[103.        12.317435  10.649325],[101.        12.240878  10.505896],[110.        13.085831  10.706021],[111.        13.176293  10.744652],[104.        11.619682  11.382438],[117.        12.885295  11.576082],[104.        12.253363  10.796192],[109.        12.878299  10.823983],[104.        12.447943  10.643214],[110.        12.373891  11.405967],[146.        15.038749  12.47304 ],[98.       11.96151  10.526625],[205.        20.603388  13.033435],[109.        13.045246  10.914201],,[168.        16.761282  12.881872],[128.        14.402061  11.355777],[81.       11.28933   9.227562],[109.        15.960821   8.831758],[187.        21.519796  11.482156],[176.        20.418362  11.611728],[180.        18.919146  12.433397],[186.        18.726215  12.924772],[67.       10.641587  8.104497],,,[65.       10.530086  8.037318],,,,[80.       12.089459  8.93714 ],,[96.       13.525713  9.241619],[93.       12.474457  9.646685],[91.       11.900531  9.800664],[95.       12.293305  9.954654],[90.       11.502703 10.064283]
58,,,,,,,,,,,,,,,,,,,,,,,,,,,,,,,,,,,,,,,,,,,,[94.        12.6084795  9.743821 ],[106.        12.408191  10.883463],[65.       11.856723  7.306147],[93.       11.97539   9.971628],[82.       11.934782  8.836677],,,,,,,,,[51.       10.902133  6.501951],[99.       11.989635 10.503132],[13.         8.993862   1.8359746],,[37.       11.660748  4.275136],,,,,[50.        10.898044   6.2459464],[87.       11.49088   9.784215],,,[40.        10.41615    5.0382366],[22.         9.704732   2.9986222],[118.        14.331447  10.675761],[145.        17.072931  12.382198],[35.        7.835023  6.426489],[28.        10.890434   3.8025866],[4.       4.472136 0.      ],,,[15.         9.147286   1.9477739],,[37.       11.247934  4.598056],,,,,,,,,
59,,,,,,,,,,,,,,,,,,,,,,,,,,,,,,,,,,,,,,,,,,,,,,,,[17.         7.6505566  2.9835398],,,,,,[22.         7.0323925  4.1140757],,,[104.        12.346049  10.963141],[142.        19.621141  10.326102],[125.         14.7082405  10.928736 ],[145.        21.015749   9.169785],[230.        21.657427  13.758005],[223.        21.82119   13.309725],,,,,,,,,,,,,,,,,,,,,,,,,,,,
60,,,,,,,,,,,,,,,,,,,,,,,,,,,,,,,,,,,,,,,,,,,,,,,,,[70.       10.954336  8.555561],[79.       12.117284  8.684937],[110.        12.034977  11.670929],[114.         12.3115835  11.821028 ],[124.        13.683881  11.549878],[120.         13.604719   11.2123165],[100.        12.697048  10.281058],[124.        13.461717  11.771705],,,[120.        13.493348  11.367038],[120.        13.73571   11.438349],[140.        14.039619  12.771176],[153.        15.72308   12.455552],[134.        14.095792  12.132469],[133.        16.506819  10.336408],[141.        14.082728  12.759304],[111.        12.243326  11.54877 ],[134.        13.773444  12.463338],[160.        17.312658  12.097907],[128.        13.439035  12.418473],[143.        14.96447   12.399928],[129.        13.722538  12.132547],[132.        14.567142  11.690823],[123.         15.029438   10.6121235],[127.        16.03544   10.447651],[137.        15.233699  11.793328],[161.        16.551384  12.659272],[151.        16.988224  11.400437],,,[156.        17.688011  11.364998],[125.        15.796863  10.160176],[135.        15.403006  11.214198],[136.        15.17188   11.441784],[136.        14.984019  11.62691 ],[129.        14.817373  11.169314],[222.        22.67388   13.002278],[211.        21.806137  12.982063],[199.        20.421011  12.762272],[181.        17.959951  13.245416],[180.        19.449053  12.036858]
61,,,,,,,,,,,,,,,,,,,,,,,,,,,,,,,,,,,,,,,,,,,,,,,,,,,,[85.        12.5067835  8.809779 ],[85.       11.378161  9.619538],[189.        17.31271   14.791853],[102.         12.8729105  10.1827135],[131.        14.596052  11.583358],,[145.        15.257008  12.166969],[145.        15.003888  12.321269],[147.        15.092058  12.412998],[142.        14.134573  12.796098],[131.        13.0326    12.845446],[138.        15.155385  11.66351 ],[157.        17.40111   11.544178],[156.         16.2043     12.3464365],[146.        15.78613   11.967736],[158.        15.808245  12.776073],[166.        17.084263  12.500438],[162.        15.393727  13.401748],[161.        16.477074  12.502124],[137.        15.388428  11.459267],,[122.        15.051343  10.558113],,[66.       10.515906  8.065714],,,,,,,,,,,,,,[91.       12.100771  9.686502],[84.        10.6048565 10.24018  ]
62,,,,,,,,,,,,,,,,,,,,,,,,,,,,,,,,,,,,,,,,,,,,,,,,,,,,[80.       11.235901  9.122748],,[92.       11.166111 10.655741],[94.       12.009437 10.076384],[112.        12.716724  11.385991],[106.        13.460756  10.136481],[104.        13.845238   9.781954],[244.        18.74422   17.496267],[229.        20.013494  14.972309],[122.        15.092131  10.499164],[144.        16.748178  11.121804],[195.        22.053604  11.733901],[82.       11.975363  8.901234],[121.        16.179197   9.739529],[84.       11.021147  9.739072],[131.        16.902876  10.227101],[124.         13.871693   11.5199995],[110.        14.790941   9.823818],,,[90.        11.499102  10.1096115],[91.       11.69037  10.019225],,[157.        16.614027  12.302723],[172.        17.343973  12.988658],[167.        15.609323  14.206948],[177.        16.966974  13.654627],[165.        16.075306  13.172717],[169.        15.743579  14.221286],[164.        16.327871  13.171194],[182.        16.063925  14.861703],[166.        15.209121  14.229149],[178.        15.593587  14.727873],[310.       26.75583  14.9397 ],[171.         15.68954    14.6473875],[179.        16.019976  14.551882],[216.        19.589134  15.03177 ],[184.        17.898218  13.310801],[202.        21.04189   12.514295]
63,,,,,,,,,,,,,,,,,,,,,,,,,,,,,,,,,,,,,,,,,,,,,,,,,,,,[73.        12.548215   7.5586143],[125.        17.986473   9.812326],[144.        16.95494   11.498719],[88.       11.655074  9.647514],[84.       12.330944  9.149673],,[98.       13.334379  9.599488],,,,,,,[143.        15.173384  12.321787],[120.        13.427203  11.459018],,[41.       13.160153  4.109463],[130.        15.986897  10.667772],[13.         6.8388033  2.5372958],,[28.        11.783766   3.0904725],[73.       11.321834  8.364873],[68.        15.012532   6.1608486],[79.       14.746965  7.401753],[62.        14.50695    6.1314087],[8.        7.483315  1.3228756],,,,,,,,[70.        15.0996685  6.3426   ],[83.        14.959237   7.4599633],[70.        14.809262   6.3374515],[22.        10.627149   2.8382115],[92.        16.082554   7.6448717],
64,,,,,,,,,,,,,,,,,,,,,,,,,,,,,,,,,,,,,,,,,,,,,,,,,,,,[26.         7.878613   4.3770113],,,,,[28.         9.936489   3.7716532],,,,,,,[10.         6.         1.9595917],,,,,[12.         7.118052   1.9720266],[40.        8.842918  6.048371],[4.       4.472136 0.      ],,,,[12.         7.118052   1.9720266],,,[6.        6.8313007 0.       ],,,[37.        8.879813  5.479817],,,,,,,,[4.       4.472136 0.      ],
65,,,,,,,,,,,,,,,,,,,,,,,,,,,,,,,,,,,,,,,,,,,,,,,,,,,,[159.        17.79666   11.572952],[208.        18.370972  14.709765],[171.        16.654219  13.463646],[151.        17.29637   11.571461],[175.        17.941404  12.595857],[175.        17.889093  12.645194],[218.        22.58755   12.580833],[210.        21.6536    12.468071],[101.        13.275706   9.961573],[130.        15.670877  10.717543],[106.         13.5910635  10.167097 ],[117.        15.792057   9.604591],[141.        14.672908  12.269216],[202.        18.434797  14.159739],[133.        13.426376  12.614773],[172.        21.764538  11.881258],[53.       10.658654  6.727102],[68.       15.271656  8.297541],[43.        13.399806   4.2954173],,,[88.       14.287151  8.383452],,,[161.        18.175884  12.532474],[133.        13.789354  12.368233],[119.        13.62164   11.168542],[138.        13.49789   13.041602],[129.        13.355115  12.397805],[124.        14.214696  11.08672 ],[125.        13.777942  11.550604],[102.        12.700136  10.490832],[89.       13.959949  8.3902  ],[117.        14.090243  10.775846],[75.       13.430799  7.397186],[49.       12.283458  5.870784],[18.         8.06872    2.9028652],[93.        12.6582985  9.813646 ],[78.       12.751028  8.392828]
66,,,,,,,,,,,,,,,,,,,,,,,,,,,,,,,,,,,,,,,,,,,,,,,,,,,,[283.        25.835327  14.457646],[252.        24.080553  13.593921],[220.        21.896679  12.893715],[245.        22.432281  14.367316],[97.       12.789175  9.94787 ],[99.       11.641367 11.05659 ],[78.        11.303896   9.1439495],[145.        15.382462  12.274479],[146.        15.528211  12.141833],[161.        18.383015  11.359494],[148.        15.62696   12.129676],[147.        16.56184   11.471578],[148.        15.141228  12.934952],[194.        23.301773  10.915586],[267.        24.678253  14.03863 ],[307.        25.311846  17.430128],[105.         12.042882   11.2744255],[115.        13.560535  11.137334],[136.        13.250858  13.203964],[170.        23.095716  10.296889],,,[229.        23.739237  12.602922],[222.        21.029135  13.856992],[126.        14.234396  11.370055],[130.        14.582974  11.325274],[129.         13.4426155  12.240116 ],[135.        14.01465   12.325579],[125.        12.975777  12.299803],[125.        13.103281  12.15849 ],[122.        13.184236  11.799142],[126.        12.879069  12.497945],[116.        12.30387   11.983938],[124.        13.156787  11.980598],[120.        13.023529  11.768316],[110.        12.046551  11.638151],[69.        9.968747  8.913116],[85.       13.283276  8.193895],[79.       11.182736  9.164317]
67,,,,,,,,,,,,,,,,,,,,,,,,,,,,,,,,,,,,,,,,,,,,,,,,,,,,,,,[76.       11.861954  8.291129],[164.        15.599492  13.695191],[145.        15.416611  12.268709],[130.        14.475611  11.876082],[157.        15.85316   12.675964],[235.        26.277658  12.256185],[157.        16.29727   12.442646],[152.        15.905953  12.364836],[142.        15.150873  12.190641],[140.        15.824262  11.559609],[145.        15.077993  12.435026],[153.        15.748808  12.551633],[148.        15.706329  12.142147],,[228.        25.433546  12.025706],[91.       11.401311 10.264664],[317.        28.035301  16.656618],[150.        16.112307  12.041071],[135.        14.816991  11.784496],[160.        18.208015  11.423663],[124.        13.938736  11.602185],[124.         13.3137865  12.115216 ],[219.        20.302183  14.844954],[200.        18.458515  15.516224],[191.        18.713282  13.905726],[184.        18.606302  13.046513],[190.        18.566004  13.975975],[190.        17.077972  15.196348],[141.        15.855774  12.355542],[140.        14.948448  12.772077],,[177.        15.904021  14.601595],[194.        18.275406  14.248914],[172.        16.085579  13.916675],[180.        17.22952   13.572172],[170.        16.427761  13.388356]
68,,,,,,,,,,,,,,,,,,,,,,,,,,,,,,,,,,,,,,,,,,,,,,,,,,,,,,,[145.        15.944876  11.662278],[216.        20.818176  13.316114],[137.        14.289305  12.43251 ],[136.        15.036215  11.667153],[84.       10.735917 10.064912],[79.       10.539231  9.55845 ],[97.       11.856672 10.410047],[93.       11.058461 10.741572],[78.       11.324261  8.769855],[90.       12.497026  9.312259],[83.        11.861196   9.0398445],[99.       12.707035 10.011915],[86.       11.820699  9.393772],,[94.       12.66041   9.617593],[81.       11.674266  8.892345],[150.        16.641483  11.652039],[242.        21.437975  14.573673],[140.        15.180279  11.920757],[160.        17.166218  12.139516],[162.        17.233902  12.83691 ],[169.        18.847878  11.766717],[195.        17.987366  14.075417],[176.        17.033117  13.386922],[186.         17.827492   13.4588585],[199.        18.674856  13.995281],[193.        18.130445  13.688512],[191.        17.702154  13.866583],[186.        16.857378  14.164909],[199.        17.196814  14.819032],[188.        16.110682  14.897554],[216.        17.247564  16.06862 ],[208.        18.10427   14.662769],[215.        17.872713  15.413765],,
69,,,,,,,,,,,,,,,,,,,,,,,,,,,,,,,,,,,,,,,,,,,,,,,,,,,,,,,,,,,,,[129.        14.07685   11.686903],[135.        14.579062  11.813246],[130.         14.19961    11.6501045],[137.         14.3660755  12.126336 ],[144.        15.33479   11.970291],[141.        15.125312  11.885633],[143.        15.689939  11.595208],,[152.        16.72934   11.548062],[148.        16.046925  11.744801],[147.        16.283504  11.524026],[149.        15.993086  11.853282],[159.        16.6243    12.196518],[150.         15.9614525  11.957333 ],[151.        15.397429  12.477777],[145.         14.61819    12.6378565],[154.        15.072542  13.014857],[145.        14.633198  12.650469],[141.        14.201827  12.665554],[92.       13.660894  8.59694 ],[103.         13.7421875   9.531443 ],[97.       13.880297  8.886605],[81.        11.473954   8.9880085],[100.        11.750909  10.859215],[100.        11.781308  10.800925],[112.        13.085798  10.927131],[115.        13.021068  11.237948],[115.        13.234064  11.110169],[107.        12.63687   10.782016],[127.        15.11702   10.718627]
70,,,,,,,,,,,,,,,,,,,,,,,,,,,,,,,,,,,,,,,,,,,,,,,,,,,,,,,,,,,,,,,[6.        4.363338  1.6550097],[134.        14.2937    12.165462],[175.        24.217798  10.561904],[158.        19.121998  11.241571],[16.        10.192665   1.8998874],,,,,,,,,,,[61.        13.211097   6.4569864],[88.       13.604812  8.506196],[35.        10.777961   4.3007884],[108.        12.702621  10.90947 ],,,,,,,[110.        12.13164   11.681878],[110.        11.994806  11.671268],[114.        13.636769  10.677383]
71,,,,,,,,,,,,,,,,,,,,,,,,,,,,,,,,,,,,,,,,,,,,,,,,,,,,,,,,,,,,,,,[125.        13.784782  11.718003],[119.        13.271898  11.583341],[134.        14.080594  12.195344],[128.        13.463322  12.26417 ],[140.        14.103825  12.748769],,[119.         13.702449   11.2959795],[112.        12.361898  11.581116],[104.        13.167901  10.07765 ],[237.        24.157726  12.916174],[249.        24.864735  13.067747],[132.         14.921403   11.3531685],[113.        12.921717  11.178159],[111.        13.46849   10.896864],[191.        20.715406  12.694023],[179.        17.150852  13.379463],[189.        17.68729   13.762743],[190.        18.782207  12.989879],[178.        19.682224  11.650945],[181.        20.152498  11.737021],[176.        17.867388  12.737143],[187.        18.791409  12.781795],[152.        14.46177   13.522881],[154.        14.27048   13.791812],[153.        15.138624  13.192499],[165.        16.478258  13.071582],[144.        14.626566  12.717563],[148.        16.782461  11.462224]
72,,,,,,,,,,,,,,,,,,,,,,,,,,,,,,,,,,,,,,,,,,,,,,,,,,,,,,,,,,,,,,,,,,,[6.        6.8313007 0.       ],,[27.        10.832051   3.2117753],[7. 8. 0.],,,,,,,,,[26.        10.597532   3.0769231],,,,,,,,,,,
73,,,,,,,,,,,,,,,,,,,,,,,,,,,,,,,,,,,,,,,,,,,,,,,,,,,,,,,,,,,,,,,,,,,,[156.        15.179306  13.07844 ],,,,,,,,,,,,,,,,,,,,,,
74,,,,,,,,,,,,,,,,,,,,,,,,,,,,,,,,,,,,,,,,,,,,,,,,,,,,,,,,,,,,,,,,,,,,[161.        15.804356  12.962673],,[139.         14.2113085  12.513886 ],[129.        16.191996  10.255724],,,[157.        15.768191  12.774597],[117.        13.036873  11.508047],,,,,,[212.        20.40695   13.537969],[149.        15.838342  12.048748],[189.        21.19578   11.636951],[82.       11.879267  9.424056],,[146.        16.733465  11.332145],[154.        17.266027  11.490269],[140.        17.152866  10.519001],[89.       11.713133  9.855993],[166.        19.279385  11.267987]
75,,,,,,,,,,,,,,,,,,,,,,,,,,,,,,,,,,,,,,,,,,,,,,,,,,,,,,,,,,,,,,,,,,,,[135.        15.071824  11.520658],,,[136.        15.602662  11.202208],,,,,,,,,,,,,,,,,,,
76,,,,,,,,,,,,,,,,,,,,,,,,,,,,,,,,,,,,,,,,,,,,,,,,,,,,,,,,,,,,,,,,,,,,[108.        12.84995   10.752907],,,[119.         14.340327   10.5659275],,,[113.        12.586018  11.442373],[118.         12.983397   11.5890665],[117.        13.063211  11.591831],[118.        13.188531  11.50352 ],[120.         13.6820965  11.365406 ],[71.        12.581049   7.4466496],[7. 8. 0.],[6.        6.8313007 0.       ],,,,,,,,,
77,,,,,,,,,,,,,,,,,,,,,,,,,,,,,,,,,,,,,,,,,,,,,,,,,,,,,,,,,,,,,,,,,,,,[107.         13.00034    10.6078415],,,[194.        20.18381   12.476626],,,[91.       13.537375  8.65691 ],[141.        16.184296  11.134376],[147.        16.959766  11.082642],[149.        16.659603  11.394845],,,[140.        15.115904  11.81003 ],,,,,,,,,,
78,,,,,,,,,,,,,,,,,,,,,,,,,,,,,,,,,,,,,,,,,,,,,,,,,,,,,,,,,,,,,,,,,,,,[141.        14.364512  12.494405],,,,,,,[94.       11.588486 10.346438],[75.       10.599023  9.102005],[60.        9.315341  8.184943],[86.       10.674358 10.241047],[116.        13.499133  10.960225],[114.        14.424893  10.096609],[111.         14.404907    9.8732815],[113.        13.888446  10.401454],[112.         14.684203    9.8662195],,,,,,,
79,,,,,,,,,,,,,,,,,,,,,,,,,,,,,,,,,,,,,,,,,,,,,,,,,,,,,,,,,,,,,,,,,,,,[141.        14.842349  12.123247],,,[197.        24.047058  11.26411 ],,,[1. 0. 0.],,,,,,,,,,,,,,,,
80,,,,,,,,,,,,,,,,,,,,,,,,,,,,,,,,,,,,,,,,,,,,,,,,,,,,,,,,,,,,,,,,,,,,[120.        12.706669  12.33876 ],,,,,,,,,,,,,,,,,,,,,,
81,,,,,,,,,,,,,,,,,,,,,,,,,,,,,,,,,,,,,,,,,,,,,,,,,,,,,,,,,,,,,,,,,,,,[125.        17.946129   9.030285],,,,,,,,,,,,,,,,,,,,,,
82,,,,,,,,,,,,,,,,,,,,,,,,,,,,,,,,,,,,,,,,,,,,,,,,,,,,,,,,,,,,,,,,,,,,[16.         8.027514   2.7035186],,,,,,,,,,,,,,,,,,,,,,
83,,,,,,,,,,,,,,,,,,,,,,,,,,,,,,,,,,,,,,,,,,,,,,,,,,,,,,,,,,,,,,,,,,,,,[148.        14.714019  12.839609],[148.        16.184181  11.944354],[172.        17.829819  12.436653],[168.        16.300783  13.135517],[163.        15.437424  13.494536],,,,,,,,,,,,,,,,[227.        18.089195  16.12766 ],[261.        20.54904   16.563305]
84,,,,,,,,,,,,,,,,,,,,,,,,,,,,,,,,,,,,,,,,,,,,,,,,,,,,,,,,,,,,,,,,,,,,,[184.        22.051125  10.836527],[164.        18.696001  11.354373],,[169.        19.739033  11.535909],[184.        19.348938  13.248533],[137.        15.749753  11.161471],[150.         14.690625   13.0622015],[128.        14.367287  11.33432 ],[130.        14.456599  11.756458],[276.        25.321392  14.606043],[256.        24.249775  13.945726],[124.        13.375     11.871849],[119.        13.11858   11.866131],[129.        14.032211  11.785501],[130.        14.479599  11.457973],[128.        13.846359  11.809028],[127.        14.268985  11.374681],,,,,
85,,,,,,,,,,,,,,,,,,,,,,,,,,,,,,,,,,,,,,,,,,,,,,,,,,,,,,,,,,,,,,,,,,,,,,,,[82.       12.499946  8.440928],[50.       10.917875  6.347787],,,,[14.         8.246211   1.9794866],[92.        12.438913   9.3937845],[101.        12.980355   9.925777],[93.        14.181956   8.4764805],[116.        13.492144  10.962595],[125.         14.0856905  11.308977 ],[53.        13.490708   5.1551995],[102.        14.103686   9.417334],[120.       14.61286  10.55135],[124.        14.935734  10.630627],[124.        14.855202  10.683966],[81.        15.2267475  7.1192403],[124.        14.919751  10.604143],[87.        15.5083685  7.4155636]
86,,,,,,,,,,,,,,,,,,,,,,,,,,,,,,,,,,,,,,,,,,,,,,,,,,,,,,,,,,,,,,,,,,,,,,,,,[112.        14.677282   9.901729],,,,,,,,,,,,,,,,,
87,,,,,,,,,,,,,,,,,,,,,,,,,,,,,,,,,,,,,,,,,,,,,,,,,,,,,,,,,,,,,,,,,,,,,,,,,,,,,,[5.       5.656854 0.      ],[21.         9.428477   3.0583076],,[81.       11.769731  9.022244],[18.         8.892861   2.7086482],,[3.        3.2659864 0.       ],[23.         9.7107525  3.1025257],[35.        11.286576   4.2161183],[33.        10.411382   4.2618403],,,
88,,,,,,,,,,,,,,,,,,,,,,,,,,,,,,,,,,,,,,,,,,,,,,,,,,,,,,,,,,,,,,,,,,,,,,,,,,,,,,,,,,,[74.       13.193967  7.152081],[127.        15.543367  10.393503],[129.        13.721867  11.960756],[136.         14.8499975  11.651776 ],[128.        14.542119  11.212237],[130.        13.680617  12.093246],[147.        14.713007  12.754513],[161.         14.9338455  13.723422 ]
89,,,,,,,,,,,,,,,,,,,,,,,,,,,,,,,,,,,,,,,,,,,,,,,,,,,,,,,,,,,,,,,,,,,,,,,,,,,,,,,,,,,[95.       12.086981 10.016207],[108.        12.663013  10.846633],[108.        12.41164   11.074657],[114.        12.698845  11.4337  ],[107.        12.517715  10.880124],[117.        13.291003  11.221605],[115.        12.76447   11.482833],[116.        12.975915  11.45415 ]
90,,,,,,,,,,,,,,,,,,,,,,,,,,,,,,,,,,,,,,,,,,,,,,,,,,,,,,,,,,,,,,,,,,,,,,,,,,,,,,,,,,,,[3.        3.2659864 0.       ],,,[57.       11.142658  6.632228],,,[21.         9.843622   2.8461952]
91,,,,,,,,,,,,,,,,,,,,,,,,,,,,,,,,,,,,,,,,,,,,,,,,,,,,,,,,,,,,,,,,,,,,,,,,,,,,,,,,,,,,[124.        15.438118  10.271223],[117.        15.213667  10.277312],[109.        14.116662  10.069368],[76.       10.322918  9.457133],[115.        14.550286  10.475732],[131.        16.119844  10.349176],[136.        16.634007  10.418125]
92,,,,,,,,,,,,,,,,,,,,,,,,,,,,,,,,,,,,,,,,,,,,,,,,,,,,,,,,,,,,,,,,,,,,,,,,,,,,,,,,,,,,,,,,[41.         9.058327   5.8855047],[58.       10.551046  7.202525],
93,,,,,,,,,,,,,,,,,,,,,,,,,,,,,,,,,,,,,,,,,,,,,,,,,,,,,,,,,,,,,,,,,,,,,,,,,,,,,,,,,,,,,,,,[65.       11.091914  7.585035],[135.        17.698696  10.032232],[139.        18.084389  10.273363]
